adithyack,EMP1010,Software,24-01-1995,08-06-2021
adithyack,EMP1011,Software,24-01-1995,08-06-2021
adithyack,EMP1012,Software,24-01-1995,08-06-2021
adithyack,EMP1013,Software,24-01-1995,08-06-2021
adithyack,EMP1014,Software,24-01-1995,08-06-2021
adithyack,EMP1015,Software,24-01-1995,08-06-2021
adithyack,EMP1016,Software,24-01-1995,08-06-2021
adithyack,EMP1017,Software,24-01-1995,08-06-2021
adithyack,EMP1018,Software,24-01-1995,08-06-2021
adithyack,EMP1019,Software,24-01-1995,08-06-2021
adithyack,EMP1020,Software,24-01-1995,08-06-2021
adithyack,EMP1021,Software,24-01-1995,08-06-2021
adithyack,EMP1022,Software,24-01-1995,08-06-2021
adithyack,EMP1023,Software,24-01-1995,08-06-2021
adithyack,EMP1024,Software,24-01-1995,08-06-2021
adithyack,EMP1025,Software,24-01-1995,08-06-2021
adithyack,EMP1026,Software,24-01-1995,08-06-2021
adithyack,EMP1027,Software,24-01-1995,08-06-2021
adithyack,EMP1028,Software,24-01-1995,08-06-2021
